<?xml version="1.0" encoding="UTF-8"?>
<project-private xmlns="http://www.netbeans.org/ns/project-private/1">
    <editor-bookmarks xmlns="http://www.netbeans.org/ns/editor-bookmarks/2" lastBookmarkId="0"/>
    <open-files xmlns="http://www.netbeans.org/ns/projectui-open-files/2">
        <group>
            <file>file:/C:/Users/Keegans%20Laptop/Documents/NetBeansProjects/Football%20Project/src/football/project/FileOut.java</file>
            <file>file:/C:/Users/Keegans%20Laptop/Documents/NetBeansProjects/Football%20Project/src/football/project/LinkedList.java</file>
            <file>file:/C:/Users/Keegans%20Laptop/Documents/NetBeansProjects/Football%20Project/src/football/project/FootballProject.java</file>
            <file>file:/C:/Users/Keegans%20Laptop/Documents/NetBeansProjects/Football%20Project/src/football/project/Node.java</file>
            <file>file:/C:/Users/Keegans%20Laptop/Documents/NetBeansProjects/Football%20Project/src/football/project/FileOpenReadWrite.java</file>
        </group>
    </open-files>
</project-private>
